jabby,5045666038,67957458,3,2,2,3,0.53846157,408,146,3,0,1,0,5,0,49.688297,15.27,0
fc,5045666038,86770710,1,2,3,3,0.7692308,303,56,1,0,14,0,7,0,13.799097,14.66,0
deadprez,5045666038,84153087,0,2,10,5,0.51282054,515,198,2,0,0,0,8,0,39.23232,18.02,1.64
bloodninja,5045666038,65291924,2,2,20,1,0.71794873,636,271,1,0,0,0,5,1,19.957148,22.27,0
A Bug,5045666038,80097514,4,2,3,6,0.5897436,267,27,0,0,0,1,1,0,118.60269,16.21,0
FatSloth,5045666038,40927904,0,2,6,7,0.6666667,437,244,0,0,0,1,1,0,7.8549533,8.02,-2.01
Joric,5045666038,82626476,1,2,6,4,0.7777778,486,222,0,0,0,3,8,0,20.98492,14.8,0
Vort,5045666038,193889381,3,2,2,7,0.7777778,392,110,0,0,0,1,5,0,12.983376,10.28,0
Trishula,5045666038,241251731,4,2,2,8,0.6666667,189,23,0,0,13,1,1,0,0,9.53,0
FatSloth,5045713275,40927904,0,2,12,7,0.65625,549,464,3,0,0,0,4,1,54.02042,18.7,-4.67
Joric,5045713275,82626476,1,2,9,5,0.75,519,443,1,0,1,1,8,0,106.263016,22.74,0
Trishula,5045713275,241251731,4,2,3,12,0.46875,282,39,0,0,23,1,12,0,31.091778,15.56,0
Vort,5045713275,193889381,3,2,2,9,0.53125,278,123,0,1,2,0,2,0,137.83249,18.07,0
jabby,5045713275,67957458,3,2,8,3,0.73170733,461,283,0,0,1,2,20,0,87.88299,23.17,0
fc,5045713275,86770710,1,2,3,9,0.70731705,405,149,2,0,24,0,5,0,107.12456,23.43,0
deadprez,5045713275,84153087,0,2,20,6,0.80487806,594,387,2,1,0,2,11,0,4.92168,23.75,2.16
A Bug,5045713275,80097514,4,2,3,11,0.58536583,258,31,1,0,0,1,2,0,0,7.79,0
bloodninja,5045713275,65291924,2,2,7,3,0.7804878,639,531,3,0,0,2,10,0,91.46952,24.78,0
CRAP,5047328183,42291565,0,2,4,6,0.75,426,187,1,0,2,2,3,0,31.20813,12.56,-1.4
DerpyDots,5047328183,158722998,1,2,1,2,0.41666666,462,233,0,0,0,0,1,0,0,6.96,0
ALooseMoose,5047328183,83487685,4,2,3,7,0.75,256,45,0,0,2,1,5,0,42.75059,12.6,0
Kabobrocks,5047328183,89104101,3,2,2,7,0.5833333,208,15,0,0,10,0,1,0,7.5739746,8.75,0
OneWing,5047328183,87036049,2,2,2,4,0.8333333,313,110,0,0,0,0,3,1,25.13428,14.76,0
Little Duckie,5047328183,185803626,2,2,4,4,0.53846157,265,20,0,0,13,3,4,0,25.677002,13.91,0
fierysnake,5047328183,40436072,1,2,1,1,0.15384616,530,283,2,0,0,1,4,0,0,9.33,0
UltraGunner,5047328183,106670947,0,2,14,1,0.7307692,822,334,3,1,1,0,6,0,0.13326171,13.34,-5.72
Wicked_SiCK,5047328183,118128399,3,2,5,5,0.8076923,364,140,1,0,0,0,3,0,17.986328,12.04,0
BB.347,5047328183,164778266,4,2,2,1,0.6923077,255,41,0,0,0,0,5,0,29.629274,11.02,0
Wicked_SiCK,5047362159,118128399,3,2,0,11,0.46666667,239,113,0,0,0,1,1,0,61.870872,9.89,0
fierysnake,5047362159,40436072,1,2,8,5,0.73333335,606,449,0,1,0,0,3,0,9.030762,13.3,0
UltraGunner,5047362159,106670947,0,2,4,7,0.6,498,310,1,0,1,0,3,0,16.611328,7.89,-3.38
BB.347,5047362159,164778266,4,2,3,11,0.6,202,41,0,0,0,0,2,0,37.46484,9.09,0
Little Duckie,5047362159,185803626,2,2,0,14,0.46666667,190,38,1,0,19,0,2,0,14.098022,10.08,0
CRAP,5047362159,42291565,0,2,13,2,0.68085104,658,405,3,0,1,2,14,0,60.41793,22.29,-2.48
DerpyDots,5047362159,158722998,1,2,11,3,0.61702126,643,383,3,1,0,1,3,0,59.485992,21.08,0
OneWing,5047362159,87036049,2,2,12,4,0.63829786,496,164,1,0,1,0,4,1,39.73351,19.86,0
ALooseMoose,5047362159,83487685,4,2,9,3,0.61702126,383,43,0,0,0,1,15,0,97.38214,20.78,0
Kabobrocks,5047362159,89104101,3,2,2,3,0.4893617,296,26,0,0,17,4,7,0,60.050102,17.92,0
Give up dude,5047328763,287839122,0,2,10,4,0.5641026,593,480,2,0,1,3,10,0,30.839111,23.23,3.87
Droziki,5047328763,61352619,3,2,3,9,0.8717949,462,301,0,1,0,0,12,0,123.154175,21.97,0
one oh nine,5047328763,121187617,1,2,12,2,0.84615386,538,333,2,0,0,0,20,0,271.79337,39.99,0
Old Man Techn1qu3,5047328763,129445595,4,2,4,5,0.53846157,322,30,0,0,20,0,8,0,42.91516,16.09,0
pandaPGOD:) ,5047328763,164544758,2,2,8,7,0.7948718,548,373,2,1,5,1,4,1,201.33882,35.14,0
Bird,5047328763,256655047,2,2,5,6,0.5185185,719,774,3,1,0,0,8,0,46.839325,19.47,0
Lucky,5047328763,61053445,0,2,12,7,0.7777778,496,361,0,0,0,0,7,0,66.757645,16.44,-1.83
Avenos,5047328763,82406800,1,2,0,5,0.6296296,388,236,0,0,0,2,5,0,0,9.13,0
TripleRainboW)),5047328763,80718533,3,2,8,9,0.8148148,423,194,0,0,1,0,8,0,25.92526,13.7,0
Pure Child,5047328763,81895209,4,2,2,13,0.6666667,248,37,0,0,26,1,2,0,128.84828,21.45,0
Lucky,5047385090,61053445,0,2,12,10,0.88461536,355,116,0,0,1,1,1,0,11.426667,11.15,-1.24
Bird,5047385090,256655047,2,2,5,8,0.5,435,240,0,0,0,0,2,0,4.1139164,8.2,0
Avenos,5047385090,82406800,1,2,1,4,0.5,334,144,1,0,0,0,3,0,0,8.05,0
TripleRainboW)),5047385090,80718533,3,2,2,9,0.3846154,288,66,1,0,1,0,2,0,30.422241,8.93,0
Pure Child,5047385090,81895209,4,2,6,10,0.5769231,208,32,0,0,17,0,2,1,36.008545,17.3,0
Give up dude,5047385090,287839122,0,2,3,4,0.46341464,452,249,1,0,0,1,8,0,0,12.92,2.15
Old Man Techn1qu3,5047385090,129445595,4,2,3,4,0.36585367,304,19,1,0,15,0,3,0,12.324453,11.47,0
Droziki,5047385090,61352619,3,2,6,11,0.58536583,462,218,0,0,0,2,10,0,63.78332,15.94,0
one oh nine,5047385090,121187617,1,2,21,1,0.7804878,697,387,3,1,1,1,22,0,50.42733,29.59,0
pandaPGOD:) ,5047385090,164544758,2,2,8,6,0.6097561,493,250,0,0,3,0,4,0,66.73289,15.89,0
Poncho,5047338965,86179205,2,2,1,4,0.33333334,191,17,0,0,9,1,1,0,75.60778,13.02,0
Dixie-,5047338965,101752409,1,2,3,4,0.6666667,311,90,0,0,0,0,4,0,31.158646,10.86,0
thrillhouse,5047338965,60957712,3,2,5,6,0.5,319,80,0,0,0,1,3,0,2.635376,8.43,0
velvelvel,5047338965,333226362,0,2,2,3,0.16666667,552,235,1,0,0,0,3,0,13.347119,7.26,-1.28
Xentavious,5047338965,83845896,2,2,3,4,0.6363636,347,58,0,0,0,0,4,0,0,8.35,0
Effjai,5047338965,430764681,3,2,2,1,0.6818182,499,158,0,0,0,0,1,0,0,8.58,0
Cam,5047338965,178434754,1,2,10,0,0.6363636,666,201,2,0,1,0,3,0,7.670044,14.64,0
Cam,5047367160,178434754,1,2,2,4,0.6363636,383,297,0,0,1,0,0,0,0,8.04,0
Xentavious,5047367160,83845896,2,2,1,6,0.8181818,252,99,1,0,0,0,1,0,75.41394,14.2,0
Effjai,5047367160,430764681,3,2,5,3,0.54545456,583,328,0,0,0,0,0,0,0,8.93,0
velvelvel,5047367160,333226362,0,2,13,0,0.5833333,701,307,3,0,1,0,3,1,0,17.08,-3.01
Dixie-,5047367160,101752409,1,2,5,4,0.625,461,144,0,0,1,0,4,0,12.591064,10.52,0
thrillhouse,5047367160,60957712,3,2,3,1,0.41666666,505,196,1,1,0,1,8,0,0,11.93,0
Poncho,5047367160,86179205,2,2,1,3,0.41666666,371,61,0,0,13,1,6,0,12.594427,11.4,0
JIVEE,5047330472,105958764,0,2,11,9,0.5294118,588,304,2,1,0,2,7,0,73.547485,20.95,0
E H,5047330472,80955316,3,2,8,10,0.64705884,561,284,1,1,0,1,7,0,48.134243,16.97,0
BigAug,5047330472,99738135,1,2,17,6,0.7254902,669,338,1,0,0,0,3,0,35.691456,17.61,0
four zero three,5047330472,105154232,2,2,4,11,0.7254902,368,70,1,0,9,0,7,0,53.799927,15.71,0
_-_Oz_-_,5047330472,204651259,4,2,10,7,0.5882353,382,87,0,0,12,1,9,0,16.381495,15.29,0
StarEnd ,5047330472,316353271,0,2,17,8,0.76744187,622,343,1,0,1,0,11,0,57.171986,17,-4.25
Ana is back,5047330472,58351788,2,2,6,7,0.627907,440,258,3,0,0,1,7,0,4.667627,14.14,0
Ripley,5047330472,70487965,3,2,9,12,0.6511628,315,93,0,0,4,0,5,1,0,14.11,0
M0ckingbird,5047330472,149099590,1,2,8,9,0.5116279,551,318,1,0,0,0,5,0,62.385197,15.59,0
StarEnd ,5047382847,316353271,0,2,9,4,0.67741936,499,271,0,0,0,0,3,0,62.40675,12.58,-3.15
M0ckingbird,5047382847,149099590,1,2,6,5,0.6451613,518,312,0,0,0,1,7,0,9.680714,12.22,0
Ana is back,5047382847,58351788,2,2,11,3,0.6451613,487,268,0,0,0,1,2,0,84.924324,18.22,0
Ripley,5047382847,70487965,3,2,0,10,0.58064514,235,71,1,0,4,0,1,0,93.19201,14.13,0
JIVEE,5047382847,105958764,0,2,9,9,0.9354839,488,207,4,0,0,2,9,0,31.0828,20.21,0
BigAug,5047382847,99738135,1,2,11,4,0.58064514,662,369,3,0,0,0,8,0,1.4382696,16.14,0
E H,5047382847,80955316,3,2,7,3,0.67741936,555,319,1,0,0,1,5,0,32.774384,15.31,0
four zero three,5047382847,105154232,2,2,3,9,0.7741935,320,78,1,0,4,0,5,0,44.05004,13.65,0
_-_Oz_-_,5047382847,204651259,4,2,1,6,0.61290324,258,44,0,0,13,1,5,0,8.926907,11.13,0
MGHappyhobo,5047383471,260316741,0,2,6,5,0.7741935,412,155,0,0,0,1,8,1,66.48999,17.59,-3.1
Legion,5047383471,123848727,1,2,11,3,0.6451613,662,348,3,0,0,0,5,0,0,15.69,0
EmeraldPage,5047383471,95484339,3,2,5,7,0.6451613,278,33,0,0,14,0,3,0,0,10.88,0
Mags,5047383471,60358050,2,2,6,2,0.5185185,369,161,0,0,0,1,5,0,1.5009768,10.18,0
hanmingzyy,5047383471,74883563,1,2,2,7,0.44444445,453,232,5,1,0,0,0,0,0,12.37,0
M,5047383471,191695402,4,2,2,12,0.37037036,200,32,0,0,14,1,3,0,21.851807,9.84,0
BBTM,5047383471,59381601,0,2,7,4,0.6666667,462,221,1,0,0,1,8,0,19.485937,12.94,-1.44
Scrub,5047383471,155595655,3,2,10,6,0.6666667,266,21,0,0,1,0,3,0,21.092896,11.56,0
Jenny Death,5047336819,81348679,0,2,7,6,0.6315789,551,471,1,0,0,1,2,0,0,14.25,2.37
bitrait,5047336819,1509257,2,2,2,8,0.84210527,295,95,1,0,11,1,13,0,115.73281,23.12,0
Behraam,5047336819,47885404,4,2,3,6,0.94736844,418,296,2,0,0,0,9,0,52.330925,17.64,0
[PDF] Saltpork,5047336819,108686019,3,2,0,14,0.42105263,261,139,0,0,15,0,4,0,0,7.94,0
Killuas,5047336819,66367716,1,2,7,5,0.7368421,611,593,0,1,0,1,9,0,13.825962,15.82,0
StonedSpirit,5047336819,109140387,0,2,9,4,0.57894737,583,468,3,1,0,1,9,0,32.106304,23.67,3.94
milliard5396,5047336819,121893039,2,2,8,3,0.68421054,464,380,2,0,0,0,6,0,62.21014,18.6,0
Microsoft Outlook,5047336819,192624330,4,2,5,2,0.6315789,391,146,1,0,1,1,13,1,41.028236,20.61,0
Woh?,5047336819,152985237,3,2,2,8,0.42105263,228,50,0,0,25,1,7,0,29.441406,14.57,0
StonedSpirit,5047407749,109140387,0,2,5,10,0.5625,459,387,2,0,1,2,8,0,9.498779,16.56,2.76
milliard5396,5047407749,121893039,2,2,8,9,0.75,443,320,2,0,0,0,5,0,16.312895,14.12,0
Microsoft Outlook,5047407749,192624330,4,2,5,9,0.65625,329,146,0,0,1,0,6,0,31.028278,11.55,0
Woh?,5047407749,152985237,3,2,2,7,0.46875,275,23,0,0,26,0,10,0,34.568848,15.81,0
[PDF] Saltpork,5047407749,108686019,3,2,1,8,0.4878049,278,132,0,0,15,0,11,0,8.3834305,11.87,0
Jenny Death,5047407749,81348679,0,2,11,6,0.68292683,680,616,3,0,0,0,6,0,24.37238,22.02,3.67
bitrait,5047407749,1509257,2,2,8,8,0.6585366,401,129,1,0,10,2,12,1,176.14197,32.89,0
Behraam,5047407749,47885404,4,2,12,6,0.73170733,596,417,2,1,0,2,4,0,19.593233,18.27,0
Killuas,5047407749,66367716,1,2,9,4,0.5365854,737,728,4,1,0,0,18,0,38.01635,23.79,0
Burrahobbit,5047331984,75632156,0,2,4,1,0.52,627,319,3,1,0,2,2,0,25.949707,16.31,0
reckless,5047331984,142833570,1,2,6,2,0.76,478,165,2,0,0,0,1,0,8.675976,12.65,0
}-{ie$ENbeRG,5047331984,96109247,4,2,4,4,0.92,294,8,0,0,2,2,2,0,32.716797,13.17,0
jherky,5047331984,105025705,3,2,6,5,0.88,299,44,0,0,7,0,5,0,9.279785,12.53,0
Soranos,5047331984,108895062,2,2,5,0,0.6,600,142,1,0,0,0,4,0,20.98199,12.7,0
Bambino,5047331984,60089038,1,2,0,3,0.16666667,447,241,1,0,0,1,0,0,0,6.5,0
Cerys,5047331984,83833103,3,2,1,6,0.8333333,233,36,1,0,7,0,3,0,42.13916,13.45,0
ChowMains,5047331984,101960024,2,2,5,6,0.8333333,438,177,0,0,0,0,4,1,0,14.17,0
Khillasaurus,5047331984,68959447,0,2,2,3,0.25,452,172,0,0,0,0,9,0,23.126955,13.24,3.43
fInesse,5047331984,169151968,4,2,4,7,0.9166667,260,48,0,0,7,2,2,0,59.52141,15.76,0
Burrahobbit,5047368996,75632156,0,2,5,3,0.5,670,465,3,1,1,3,4,0,43.32495,19.23,0
reckless,5047368996,142833570,1,2,17,3,0.78571427,637,320,1,0,0,1,5,0,14.783939,17.67,0
Soranos,5047368996,108895062,2,2,3,3,0.39285713,374,196,3,0,0,4,2,0,55.91626,16.44,0
jherky,5047368996,105025705,3,2,2,6,0.4642857,260,85,0,0,12,2,7,0,9.665527,11.67,0
}-{ie$ENbeRG,5047368996,96109247,4,2,1,3,0.35714287,274,45,0,0,4,0,7,0,16.91211,9.14,0
Bambino,5047368996,60089038,1,2,3,3,0.6666667,602,353,2,0,1,0,15,0,38.970364,17.92,0
Cerys,5047368996,83833103,3,2,0,9,0.3888889,287,38,0,0,13,1,2,0,21.692554,9.51,0
ChowMains,5047368996,101960024,2,2,8,0,0.5555556,745,557,3,0,0,3,6,0,15.75571,18.52,0
fInesse,5047368996,169151968,4,2,4,11,0.6666667,329,149,0,0,6,0,3,1,36.96338,15.71,0
Khillasaurus,5047368996,68959447,0,2,3,5,0.6666667,465,273,0,0,1,1,7,0,11.617334,15.6,4.04
itachi,5047335894,466360314,1,2,11,5,0.61290324,608,335,3,0,0,0,8,0,25.810232,17.77,0
inkogn!to,5047335894,273226888,2,2,7,2,0.61290324,474,234,3,0,0,0,3,0,27.85144,15.35,0
<Phoenix>,5047335894,86152976,3,2,4,3,0.5483871,615,348,2,0,0,0,5,1,33.4116,18.52,0
grosia,5047335894,143785619,4,2,6,6,0.61290324,302,60,1,0,14,0,0,0,39.275024,14.49,0
MAPPO,5047335894,123919855,0,2,3,6,0.7096774,264,72,0,0,2,1,8,0,54.75188,18.59,4.29
spidez,5047335894,298148498,0,2,2,4,0.54545456,406,248,0,0,1,0,11,0,12.113037,12.26,1.11
Huntington,5047335894,145629222,1,2,5,9,0.77272725,448,266,0,0,0,0,8,0,47.359165,14.26,0
Poxie,5047335894,82571190,4,2,3,9,0.59090906,242,27,0,0,13,2,4,0,0,10.67,0
Forest Bear,5047335894,90824784,2,2,8,6,0.77272725,355,87,0,0,3,0,3,0,10.03418,11.44,0
[RD] Chief-Sage Coco,5047335894,137718020,3,2,3,7,0.3181818,484,363,1,0,0,2,0,0,0,8.5,0
spidez,5047383607,298148498,0,2,4,3,0.6571429,427,172,1,1,0,0,5,0,99.372925,21.02,1.91
Forest Bear,5047383607,90824784,2,2,5,6,0.74285716,385,64,2,0,7,0,10,0,138.60437,24.57,0
Poxie,5047383607,82571190,4,2,2,9,0.51428574,300,57,0,0,12,2,5,0,0,10.24,0
Huntington,5047383607,145629222,1,2,10,8,0.82857144,472,194,1,0,0,0,7,0,78.48854,19.11,0
[RD] Chief-Sage Coco,5047383607,137718020,3,2,14,3,0.6857143,734,434,6,1,0,0,3,1,7.9072266,25.29,0
itachi,5047383607,466360314,1,2,8,9,0.65384614,493,343,3,0,0,1,9,0,23.824316,16.87,0
inkogn!to,5047383607,273226888,2,2,5,4,0.8076923,328,148,0,0,2,2,6,0,76.119415,17.65,0
<Phoenix>,5047383607,86152976,3,2,0,5,0.5,361,233,1,0,0,0,3,0,9.951831,8.67,0
grosia,5047383607,143785619,4,2,6,11,0.65384614,208,27,0,0,18,0,3,0,38.774536,14.17,0
MAPPO,5047383607,123919855,0,2,7,6,0.53846157,411,255,0,0,0,0,5,0,53.813896,17.89,4.13
JonSquid,5047328003,81625477,0,2,6,10,0.7096774,519,423,1,0,0,2,3,0,0.43440133,11.94,0
madrugada,5047328003,87042598,1,2,5,6,0.5483871,267,102,1,0,1,0,11,0,88.97391,17.8,0
Walrus,5047328003,201718160,2,2,10,5,0.7741935,518,405,2,1,0,0,3,0,24.34171,16.95,0
Bjorn,5047328003,201058787,1,2,3,8,0.64705884,429,293,1,0,0,1,15,0,73.16607,18.41,0
Healthy Snacks,5047328003,14099232,3,2,2,6,0.6764706,353,230,0,0,0,0,12,0,64.22684,15.3,0
Clueless,5047328003,73946724,0,2,15,4,0.7647059,601,431,2,0,1,3,12,1,0,20.33,-3.59
cARN-,5047328003,173067337,2,2,12,3,0.7352941,713,560,7,2,0,0,5,0,24.188574,25,0
Flagon,5047328003,17462153,4,2,2,10,0.5,249,49,0,0,27,3,7,0,0,13.89,0
Bjorn,5047391472,201058787,1,2,2,5,0.72727275,199,32,0,0,2,8,4,0,13.9470215,13.43,0
Healthy Snacks,5047391472,14099232,3,2,2,6,0.54545456,273,111,1,0,0,0,2,0,1.5029299,7.92,0
Clueless,5047391472,73946724,0,2,3,7,0.6363636,417,253,2,0,1,1,1,0,17.559814,10.11,-1.78
cARN-,5047391472,173067337,2,2,4,6,0.45454547,581,433,2,0,0,0,2,0,2.0067382,10.68,0
Flagon,5047391472,17462153,4,2,0,9,0.6363636,182,31,0,0,14,2,0,0,0,9.09,0
JonSquid,5047391472,81625477,0,2,9,3,0.5151515,598,245,5,1,0,0,9,0,43.747143,21.29,0
madrugada,5047391472,87042598,1,2,3,2,0.6060606,325,63,0,0,3,0,10,0,2.9433594,10.79,0
Walrus,5047391472,201718160,2,2,8,2,0.57575756,742,375,4,1,0,1,2,0,47.24309,20.13,0
Phantasmal,5047327584,24848117,1,2,7,3,0.5714286,397,187,2,0,1,0,6,0,60.61914,17.11,0
Ridin' heelies,5047327584,84060273,4,2,8,14,0.6785714,276,42,0,0,0,0,0,0,25.838623,9.31,0
TenbuHorin10,5047327584,45579011,3,2,4,5,0.39285713,473,268,1,0,0,1,1,0,0,8.91,0
aeos,5047327584,64969428,0,2,4,6,0.6785714,257,59,1,0,13,0,7,0,119.4563,26.03,4.34
doofgod,5047327584,41319577,2,2,5,5,0.6785714,291,111,0,0,0,0,1,0,105.17149,16.2,0
TheMantis,5047327584,111747192,0,2,7,4,0.8181818,493,180,3,1,0,3,7,0,0,20.84,3.47
Gypsy King,5047327584,87431994,1,2,11,2,0.75757575,604,242,2,0,0,0,5,0,69.46493,20.18,0
Vuvuzela ,5047327584,65495278,2,2,6,11,0.57575756,314,41,0,1,16,1,7,1,0,17.23,0
Jimmy Pesto,5047327584,110119494,4,2,1,8,0.6060606,553,258,2,0,0,0,3,0,0,9.76,0
Danny,5047327584,64908677,3,2,7,4,0.54545456,316,45,1,0,0,0,5,0,3.411621,10.5,0
aeos,5047366948,64969428,0,2,0,8,0.3,226,47,0,0,5,1,2,0,11.729004,8.13,1.35
TenbuHorin10,5047366948,45579011,3,2,3,9,0.6,310,120,0,0,0,0,1,0,24.943848,8.65,0
Phantasmal,5047366948,24848117,1,2,3,5,0.4,305,95,0,0,1,0,1,0,56.415527,10.73,0
Ridin' heelies,5047366948,84060273,4,2,0,6,0.8,202,27,0,0,1,1,1,0,49.47464,11.25,0
doofgod,5047366948,41319577,2,2,3,5,0.3,299,88,1,0,0,0,1,0,24.01294,8.56,0
TheMantis,5047366948,111747192,0,2,4,1,0.57575756,479,132,0,0,0,0,1,0,0,10.24,1.71
Gypsy King,5047366948,87431994,1,2,14,2,0.8787879,594,149,0,0,1,0,9,0,10.812031,16.19,0
Vuvuzela ,5047366948,65495278,2,2,5,1,0.6969697,364,32,0,0,11,0,3,1,9.942896,16.35,0
Danny,5047366948,64908677,3,2,5,3,0.4848485,301,28,0,0,1,0,9,0,0,9.61,0
Jimmy Pesto,5047366948,110119494,4,2,4,3,0.42424244,571,176,5,0,0,0,2,0,0,13.04,0
Clare x Teresa,5047373174,102264839,0,2,10,5,0.68421054,368,128,2,0,0,1,5,1,54.196262,23.77,2.16
MidOrChen,5047373174,96634411,1,2,3,3,0.68421054,447,299,5,0,0,0,6,0,46.514206,18.65,0
FlockaMacaaw,5047373174,130772801,2,2,5,1,0.5263158,648,401,2,0,0,3,6,0,8.761572,15.14,0
Pearberr,5047373174,81110788,4,2,2,10,0.55263156,235,53,0,0,19,1,4,0,34.506298,13.38,0
ButteryGreg,5047373174,47669091,3,2,17,2,0.7368421,567,355,0,0,0,2,8,0,25.235638,18.58,0
Predict,5047373174,45285344,2,2,4,8,0.6666667,286,106,1,0,0,0,12,0,35.836147,13.91,0
Polo5885,5047373174,109428465,0,2,10,5,0.71428573,519,330,2,0,0,1,2,0,0,12.46,-1.38
NO!,5047373174,126042590,1,2,2,4,0.5714286,576,359,0,0,1,3,4,0,0,10.79,0
gotham,5047373174,2735264,4,2,5,8,0.6666667,311,78,0,1,5,4,7,0,96.569,20.48,0
DoomCow33,5047327574,172199571,0,2,3,1,0.20512821,611,368,4,1,0,0,3,0,11.362354,15.07,1.37
Joric,5047327574,82626476,1,2,10,2,0.61538464,605,294,3,0,0,0,14,0,35.448242,20.03,0
Halfcast,5047327574,314264248,2,2,15,6,0.6666667,541,185,1,0,0,0,0,0,0,12.57,0
Zoompa,5047327574,57011991,3,2,7,3,0.5897436,340,68,0,0,0,0,12,0,44.196594,14.8,0
Dolly,5047327574,83648784,4,2,4,5,0.25641027,304,37,0,0,16,2,4,0,41.796505,13.79,0
skaterx7,5047327574,89687880,0,2,4,2,0.5882353,580,313,0,0,1,8,3,0,3.511963,12.74,-1.42
CooKiE,5047327574,15272213,1,2,3,8,0.5882353,323,60,0,0,1,1,1,0,23.308228,9.17,0
Panda,5047327574,96421460,2,2,0,13,0.5294118,378,214,0,0,0,0,2,0,0,5.6,0
FatMan,5047327574,213379961,4,2,3,8,0.5882353,306,140,0,0,0,3,5,0,30.283272,11.69,0
Narté-,5047327574,33840077,3,2,4,8,0.64705884,224,45,0,0,15,1,0,1,28.429688,16.45,0
DoomCow33,5047371681,172199571,0,2,6,3,0.5641026,774,757,3,0,0,1,7,0,38.89121,21.07,1.92
Joric,5047371681,82626476,1,2,10,7,0.64102566,760,431,3,0,0,1,3,0,43.03882,18.45,0
Halfcast,5047371681,314264248,2,2,9,9,0.74358976,440,268,1,0,0,0,3,0,44.15178,14.81,0
Zoompa,5047371681,57011991,3,2,5,10,0.6666667,364,50,0,0,0,1,3,0,60.904785,13.03,0
Dolly,5047371681,83648784,4,2,8,13,0.64102566,341,51,0,0,24,2,4,0,57.503784,18.6,0
skaterx7,5047371681,89687880,0,2,23,3,0.8333333,586,179,0,0,1,0,28,0,73.50244,25.23,-2.8
CooKiE,5047371681,15272213,1,2,5,9,0.61904764,658,536,8,2,1,0,1,0,12.561279,20.56,0
Panda,5047371681,96421460,2,2,3,11,0.3809524,597,436,1,0,0,0,8,0,145.17085,20.54,0
FatMan,5047371681,213379961,4,2,2,8,0.6666667,292,54,0,0,4,3,12,0,77.7317,17.61,0
Narté-,5047371681,33840077,3,2,7,8,0.6666667,410,71,0,0,19,0,6,0,50.096558,17.32,0
bsvhsvj,5047333315,67739802,0,2,5,12,0.71428573,395,310,1,0,0,0,4,0,0,11.99,2
anbokr,5047333315,26595816,1,2,16,3,0.78571427,925,891,7,1,0,1,10,0,0,26.8,0
Freakinchair,5047333315,36849696,3,2,6,9,0.6785714,411,278,1,1,0,0,2,0,36.411865,13.73,0
AwfulWaffLE,5047333315,64041417,2,2,1,12,0.60714287,290,153,0,0,0,1,14,0,99.73521,17.05,0
Trishula,5047333315,241251731,4,2,0,11,0.53571427,318,97,0,0,24,5,3,0,60.878418,17.57,0
BoX,5047333315,108843799,0,2,9,1,0.80851066,613,458,0,0,0,0,18,0,66.02499,19.48,-2.16
Gracious Papi,5047333315,135654550,2,2,16,4,0.70212764,741,648,4,1,0,2,5,1,102.14683,33.05,0
Free Lunch,5047333315,42875801,3,2,5,7,0.61702126,290,111,1,0,0,3,7,0,72.79013,17.16,0
Lilith,5047333315,69243302,1,2,14,8,0.78723407,469,262,2,0,0,0,11,0,68.11941,21.52,0
Blakkout,5047333315,9979778,4,2,3,8,0.5319149,335,116,0,0,26,3,6,0,54.898224,18.69,0
bsvhsvj,5047396246,67739802,0,2,0,4,0.5,253,94,0,0,1,2,2,0,24.606054,11.08,1.85
Freakinchair,5047396246,36849696,3,2,3,10,1,323,124,0,0,0,1,1,0,22.945068,10.89,0
AwfulWaffLE,5047396246,64041417,2,2,0,8,0.5,160,22,0,0,0,2,4,0,0,6.69,0
Trishula,5047396246,241251731,4,2,0,11,1,152,11,0,0,11,1,0,0,0,9.39,0
anbokr,5047396246,26595816,1,2,1,4,0.5,428,206,0,0,0,1,0,0,9.075439,7.85,0
BoX,5047396246,108843799,0,2,8,0,0.5833333,452,140,1,1,0,1,13,0,49.365234,17.18,-1.91
Gracious Papi,5047396246,135654550,2,2,7,1,0.6944444,544,182,1,0,0,1,5,0,0,12.81,0
Free Lunch,5047396246,42875801,3,2,8,2,0.75,357,33,0,1,0,0,6,1,36.387695,18.89,0
Lilith,5047396246,69243302,1,2,8,2,0.41666666,470,153,2,0,0,1,2,0,0,11.58,0
Blakkout,5047396246,9979778,4,2,5,1,0.8333333,298,35,0,0,13,0,2,0,20.114624,13.83,0
K[A]livunkka,5047329192,79878292,0,2,2,9,0.7352941,240,41,0,0,1,0,4,0,0,8.89,1.16
PatchThomas,5047329192,106197309,4,2,1,13,0.4117647,240,81,2,0,19,1,3,0,36.078808,13.89,0
Zen,5047329192,140467285,1,2,12,8,0.7647059,484,296,0,1,0,0,2,1,3.5788574,16.85,0
1980-Something Space Guy,5047329192,58762087,3,2,13,6,0.7352941,574,353,1,0,0,1,4,0,33.884094,16.92,0
Danny Brown,5047329192,167577976,2,2,5,7,0.6764706,339,170,0,0,0,0,5,0,37.52091,12.08,0
staylin,5047329192,63263924,1,2,8,4,0.627907,722,525,2,0,0,0,10,0,12.206543,16.37,0
.4leks...,5047329192,20413194,2,2,16,3,0.8372093,466,193,3,0,1,0,4,0,0,17.25,0
Jabinskiz,5047329192,99837014,0,2,10,7,0.60465115,437,219,1,0,0,1,17,0,14.541264,18.8,2.45
Newbycakes,5047329192,24521769,4,2,5,10,0.6511628,328,28,0,0,19,0,5,0,27.958008,14.14,0
gharnef,5047329192,60319101,3,2,4,10,0.5813953,341,108,0,1,3,2,9,0,35.775875,14.15,0
staylin,5047373534,63263924,1,2,4,4,0.6956522,546,326,1,0,0,0,3,0,31.581594,13.27,0
Jabinskiz,5047373534,99837014,0,2,4,8,0.73913044,357,148,0,0,0,0,9,0,47.829823,15.74,2.05
.4leks...,5047373534,20413194,2,2,6,8,0.73913044,418,174,4,0,2,0,2,0,10.493164,14.34,0
Newbycakes,5047373534,24521769,4,2,4,12,0.7826087,269,19,0,0,15,0,3,0,11.082447,11.49,0
gharnef,5047373534,60319101,3,2,4,5,0.7826087,398,54,0,0,1,0,3,0,76.39996,15,0
K[A]livunkka,5047373534,79878292,0,2,10,5,0.8378378,393,75,3,0,1,2,10,1,134.6323,35.93,4.69
PatchThomas,5047373534,106197309,4,2,1,6,0.6756757,284,41,2,1,16,0,3,0,14.145142,14.48,0
1980-Something Space Guy,5047373534,58762087,3,2,13,3,0.5675676,540,223,2,0,0,0,1,0,0,13.29,0
Danny Brown,5047373534,167577976,2,2,1,5,0.6486486,384,105,0,0,0,0,1,0,0,7.13,0
Zen,5047373534,140467285,1,2,10,6,0.7837838,611,208,0,0,0,1,10,0,31.153862,16.2,0
FlyingNightmare,5047367211,50050664,0,2,6,0,0.53125,535,168,3,0,0,0,1,0,10.248693,9.13,-3.91
Stang,5047367211,85455948,2,2,6,1,0.4375,540,153,3,0,2,0,3,0,46.058685,15.98,0
ChiD,5047367211,70666167,1,2,7,1,0.5,498,127,1,0,0,0,4,0,47.32032,14.38,0
Charkhil,5047367211,78362704,4,2,7,5,0.59375,310,11,0,0,2,0,2,1,37.043068,15.65,0
Count Scary Mothman,5047367211,96006725,3,2,5,2,0.53125,277,10,0,0,8,0,6,0,54.110443,14.6,0
George,5047367211,240889153,1,2,2,6,0.75,313,96,0,0,1,0,5,0,51.642548,12.69,0
Lemonardo,5047367211,73267979,0,2,1,8,0.25,319,116,0,0,0,1,1,0,16.351887,6.31,0
MANGO WANGO,5047367211,86638311,2,2,1,7,0.375,270,68,0,0,0,1,1,0,27.19201,7.66,0
Tiggles,5047367211,140674032,3,2,2,4,0.5,205,35,0,0,6,0,2,0,0,7.72,0
Krenn,5047367211,519770,4,2,0,7,0.25,149,15,0,0,4,0,3,0,25.9781,7.04,0
